filename,damage_type,severity,location
crushed_panel_minor_front_0000.jpg,crushed_panel,minor,front
scratch_severe_front_0001.jpg,scratch,severe,front
no_damage_minor_none_0002.jpg,no_damage,minor,none
broken_glass_moderate_side_0003.jpg,broken_glass,moderate,side
scratch_severe_roof_0004.jpg,scratch,severe,roof
scratch_moderate_multiple_0005.jpg,scratch,moderate,multiple
no_damage_minor_none_0006.jpg,no_damage,minor,none
broken_lamp_minor_multiple_0007.jpg,broken_lamp,minor,multiple
scratch_severe_roof_0008.jpg,scratch,severe,roof
crushed_panel_severe_multiple_0009.jpg,crushed_panel,severe,multiple
scratch_severe_side_0010.jpg,scratch,severe,side
crushed_panel_minor_multiple_0011.jpg,crushed_panel,minor,multiple
broken_lamp_minor_roof_0012.jpg,broken_lamp,minor,roof
dent_minor_front_0013.jpg,dent,minor,front
dent_moderate_rear_0014.jpg,dent,moderate,rear
crushed_panel_severe_roof_0015.jpg,crushed_panel,severe,roof
no_damage_minor_none_0016.jpg,no_damage,minor,none
no_damage_minor_none_0017.jpg,no_damage,minor,none
broken_lamp_severe_front_0018.jpg,broken_lamp,severe,front
crushed_panel_minor_side_0019.jpg,crushed_panel,minor,side
dent_moderate_side_0020.jpg,dent,moderate,side
dent_moderate_multiple_0021.jpg,dent,moderate,multiple
broken_glass_severe_rear_0022.jpg,broken_glass,severe,rear
dent_minor_side_0023.jpg,dent,minor,side
scratch_moderate_rear_0024.jpg,scratch,moderate,rear
broken_glass_minor_side_0025.jpg,broken_glass,minor,side
broken_glass_severe_multiple_0026.jpg,broken_glass,severe,multiple
broken_lamp_severe_side_0027.jpg,broken_lamp,severe,side
broken_lamp_moderate_side_0028.jpg,broken_lamp,moderate,side
dent_moderate_multiple_0029.jpg,dent,moderate,multiple
broken_lamp_minor_roof_0030.jpg,broken_lamp,minor,roof
scratch_minor_rear_0031.jpg,scratch,minor,rear
no_damage_minor_none_0032.jpg,no_damage,minor,none
dent_minor_multiple_0033.jpg,dent,minor,multiple
crushed_panel_minor_roof_0034.jpg,crushed_panel,minor,roof
dent_moderate_roof_0035.jpg,dent,moderate,roof
broken_glass_minor_multiple_0036.jpg,broken_glass,minor,multiple
broken_lamp_moderate_roof_0037.jpg,broken_lamp,moderate,roof
broken_lamp_minor_rear_0038.jpg,broken_lamp,minor,rear
dent_minor_front_0039.jpg,dent,minor,front
broken_glass_severe_side_0040.jpg,broken_glass,severe,side
dent_moderate_roof_0041.jpg,dent,moderate,roof
no_damage_minor_none_0042.jpg,no_damage,minor,none
broken_glass_severe_side_0043.jpg,broken_glass,severe,side
no_damage_minor_none_0044.jpg,no_damage,minor,none
broken_lamp_minor_multiple_0045.jpg,broken_lamp,minor,multiple
broken_glass_severe_rear_0046.jpg,broken_glass,severe,rear
scratch_minor_multiple_0047.jpg,scratch,minor,multiple
no_damage_minor_none_0048.jpg,no_damage,minor,none
no_damage_minor_none_0049.jpg,no_damage,minor,none
broken_glass_moderate_side_0050.jpg,broken_glass,moderate,side
crushed_panel_severe_multiple_0051.jpg,crushed_panel,severe,multiple
broken_glass_severe_front_0052.jpg,broken_glass,severe,front
crushed_panel_severe_multiple_0053.jpg,crushed_panel,severe,multiple
no_damage_minor_none_0054.jpg,no_damage,minor,none
crushed_panel_moderate_front_0055.jpg,crushed_panel,moderate,front
no_damage_minor_none_0056.jpg,no_damage,minor,none
broken_glass_severe_multiple_0057.jpg,broken_glass,severe,multiple
crushed_panel_severe_side_0058.jpg,crushed_panel,severe,side
crushed_panel_moderate_side_0059.jpg,crushed_panel,moderate,side
scratch_severe_roof_0060.jpg,scratch,severe,roof
broken_glass_minor_roof_0061.jpg,broken_glass,minor,roof
crushed_panel_moderate_front_0062.jpg,crushed_panel,moderate,front
broken_glass_severe_roof_0063.jpg,broken_glass,severe,roof
no_damage_minor_none_0064.jpg,no_damage,minor,none
scratch_severe_roof_0065.jpg,scratch,severe,roof
crushed_panel_severe_front_0066.jpg,crushed_panel,severe,front
scratch_minor_rear_0067.jpg,scratch,minor,rear
broken_lamp_minor_side_0068.jpg,broken_lamp,minor,side
no_damage_minor_none_0069.jpg,no_damage,minor,none
broken_lamp_minor_roof_0070.jpg,broken_lamp,minor,roof
dent_moderate_rear_0071.jpg,dent,moderate,rear
crushed_panel_severe_multiple_0072.jpg,crushed_panel,severe,multiple
scratch_moderate_front_0073.jpg,scratch,moderate,front
broken_lamp_minor_roof_0074.jpg,broken_lamp,minor,roof
crushed_panel_minor_rear_0075.jpg,crushed_panel,minor,rear
dent_minor_front_0076.jpg,dent,minor,front
broken_lamp_moderate_side_0077.jpg,broken_lamp,moderate,side
scratch_moderate_roof_0078.jpg,scratch,moderate,roof
crushed_panel_minor_front_0079.jpg,crushed_panel,minor,front
crushed_panel_severe_rear_0080.jpg,crushed_panel,severe,rear
no_damage_minor_none_0081.jpg,no_damage,minor,none
broken_glass_severe_front_0082.jpg,broken_glass,severe,front
broken_lamp_minor_rear_0083.jpg,broken_lamp,minor,rear
dent_severe_side_0084.jpg,dent,severe,side
crushed_panel_severe_side_0085.jpg,crushed_panel,severe,side
no_damage_minor_none_0086.jpg,no_damage,minor,none
broken_glass_severe_front_0087.jpg,broken_glass,severe,front
no_damage_minor_none_0088.jpg,no_damage,minor,none
dent_minor_roof_0089.jpg,dent,minor,roof
dent_minor_roof_0090.jpg,dent,minor,roof
no_damage_minor_none_0091.jpg,no_damage,minor,none
broken_lamp_moderate_rear_0092.jpg,broken_lamp,moderate,rear
scratch_moderate_multiple_0093.jpg,scratch,moderate,multiple
broken_lamp_severe_multiple_0094.jpg,broken_lamp,severe,multiple
no_damage_minor_none_0095.jpg,no_damage,minor,none
dent_severe_roof_0096.jpg,dent,severe,roof
broken_lamp_moderate_rear_0097.jpg,broken_lamp,moderate,rear
dent_minor_side_0098.jpg,dent,minor,side
crushed_panel_moderate_rear_0099.jpg,crushed_panel,moderate,rear
broken_lamp_severe_side_0100.jpg,broken_lamp,severe,side
scratch_moderate_roof_0101.jpg,scratch,moderate,roof
dent_moderate_roof_0102.jpg,dent,moderate,roof
dent_minor_roof_0103.jpg,dent,minor,roof
crushed_panel_minor_rear_0104.jpg,crushed_panel,minor,rear
dent_minor_roof_0105.jpg,dent,minor,roof
no_damage_minor_none_0106.jpg,no_damage,minor,none
dent_moderate_multiple_0107.jpg,dent,moderate,multiple
broken_glass_moderate_rear_0108.jpg,broken_glass,moderate,rear
broken_lamp_minor_front_0109.jpg,broken_lamp,minor,front
broken_lamp_minor_multiple_0110.jpg,broken_lamp,minor,multiple
crushed_panel_severe_roof_0111.jpg,crushed_panel,severe,roof
broken_glass_moderate_front_0112.jpg,broken_glass,moderate,front
scratch_minor_front_0113.jpg,scratch,minor,front
scratch_severe_multiple_0114.jpg,scratch,severe,multiple
broken_lamp_minor_roof_0115.jpg,broken_lamp,minor,roof
dent_severe_roof_0116.jpg,dent,severe,roof
broken_lamp_severe_roof_0117.jpg,broken_lamp,severe,roof
dent_minor_rear_0118.jpg,dent,minor,rear
no_damage_minor_none_0119.jpg,no_damage,minor,none
crushed_panel_minor_front_0120.jpg,crushed_panel,minor,front
broken_lamp_moderate_side_0121.jpg,broken_lamp,moderate,side
scratch_minor_front_0122.jpg,scratch,minor,front
broken_lamp_minor_rear_0123.jpg,broken_lamp,minor,rear
scratch_severe_multiple_0124.jpg,scratch,severe,multiple
broken_glass_severe_rear_0125.jpg,broken_glass,severe,rear
dent_moderate_multiple_0126.jpg,dent,moderate,multiple
dent_severe_roof_0127.jpg,dent,severe,roof
no_damage_minor_none_0128.jpg,no_damage,minor,none
crushed_panel_minor_roof_0129.jpg,crushed_panel,minor,roof
scratch_moderate_rear_0130.jpg,scratch,moderate,rear
crushed_panel_moderate_side_0131.jpg,crushed_panel,moderate,side
no_damage_minor_none_0132.jpg,no_damage,minor,none
broken_lamp_severe_multiple_0133.jpg,broken_lamp,severe,multiple
dent_moderate_rear_0134.jpg,dent,moderate,rear
dent_minor_front_0135.jpg,dent,minor,front
scratch_severe_rear_0136.jpg,scratch,severe,rear
broken_lamp_severe_rear_0137.jpg,broken_lamp,severe,rear
broken_glass_severe_roof_0138.jpg,broken_glass,severe,roof
scratch_minor_rear_0139.jpg,scratch,minor,rear
broken_glass_severe_side_0140.jpg,broken_glass,severe,side
scratch_moderate_front_0141.jpg,scratch,moderate,front
no_damage_minor_none_0142.jpg,no_damage,minor,none
dent_moderate_side_0143.jpg,dent,moderate,side
crushed_panel_moderate_rear_0144.jpg,crushed_panel,moderate,rear
crushed_panel_moderate_side_0145.jpg,crushed_panel,moderate,side
broken_glass_minor_rear_0146.jpg,broken_glass,minor,rear
broken_glass_minor_front_0147.jpg,broken_glass,minor,front
broken_glass_moderate_roof_0148.jpg,broken_glass,moderate,roof
no_damage_minor_none_0149.jpg,no_damage,minor,none
dent_severe_multiple_0150.jpg,dent,severe,multiple
no_damage_minor_none_0151.jpg,no_damage,minor,none
broken_glass_severe_rear_0152.jpg,broken_glass,severe,rear
crushed_panel_severe_side_0153.jpg,crushed_panel,severe,side
scratch_moderate_roof_0154.jpg,scratch,moderate,roof
dent_minor_front_0155.jpg,dent,minor,front
scratch_moderate_roof_0156.jpg,scratch,moderate,roof
scratch_minor_roof_0157.jpg,scratch,minor,roof
scratch_moderate_side_0158.jpg,scratch,moderate,side
dent_moderate_roof_0159.jpg,dent,moderate,roof
dent_moderate_rear_0160.jpg,dent,moderate,rear
broken_glass_severe_roof_0161.jpg,broken_glass,severe,roof
broken_lamp_moderate_front_0162.jpg,broken_lamp,moderate,front
broken_lamp_moderate_rear_0163.jpg,broken_lamp,moderate,rear
dent_severe_rear_0164.jpg,dent,severe,rear
dent_minor_rear_0165.jpg,dent,minor,rear
broken_glass_moderate_roof_0166.jpg,broken_glass,moderate,roof
broken_glass_severe_front_0167.jpg,broken_glass,severe,front
broken_glass_severe_rear_0168.jpg,broken_glass,severe,rear
broken_lamp_severe_roof_0169.jpg,broken_lamp,severe,roof
crushed_panel_moderate_side_0170.jpg,crushed_panel,moderate,side
scratch_moderate_rear_0171.jpg,scratch,moderate,rear
broken_glass_severe_front_0172.jpg,broken_glass,severe,front
scratch_minor_multiple_0173.jpg,scratch,minor,multiple
broken_lamp_minor_side_0174.jpg,broken_lamp,minor,side
broken_glass_moderate_side_0175.jpg,broken_glass,moderate,side
no_damage_minor_none_0176.jpg,no_damage,minor,none
no_damage_minor_none_0177.jpg,no_damage,minor,none
scratch_moderate_front_0178.jpg,scratch,moderate,front
dent_moderate_roof_0179.jpg,dent,moderate,roof
scratch_minor_roof_0180.jpg,scratch,minor,roof
broken_glass_severe_side_0181.jpg,broken_glass,severe,side
scratch_minor_side_0182.jpg,scratch,minor,side
broken_glass_severe_side_0183.jpg,broken_glass,severe,side
scratch_moderate_side_0184.jpg,scratch,moderate,side
broken_lamp_minor_roof_0185.jpg,broken_lamp,minor,roof
crushed_panel_minor_front_0186.jpg,crushed_panel,minor,front
crushed_panel_severe_roof_0187.jpg,crushed_panel,severe,roof
scratch_minor_roof_0188.jpg,scratch,minor,roof
broken_glass_severe_multiple_0189.jpg,broken_glass,severe,multiple
no_damage_minor_none_0190.jpg,no_damage,minor,none
scratch_minor_side_0191.jpg,scratch,minor,side
scratch_severe_side_0192.jpg,scratch,severe,side
broken_glass_severe_multiple_0193.jpg,broken_glass,severe,multiple
scratch_moderate_roof_0194.jpg,scratch,moderate,roof
no_damage_minor_none_0195.jpg,no_damage,minor,none
crushed_panel_moderate_multiple_0196.jpg,crushed_panel,moderate,multiple
crushed_panel_severe_side_0197.jpg,crushed_panel,severe,side
scratch_minor_front_0198.jpg,scratch,minor,front
scratch_minor_rear_0199.jpg,scratch,minor,rear
dent_minor_rear_0200.jpg,dent,minor,rear
no_damage_minor_none_0201.jpg,no_damage,minor,none
broken_glass_moderate_side_0202.jpg,broken_glass,moderate,side
broken_lamp_minor_side_0203.jpg,broken_lamp,minor,side
crushed_panel_moderate_rear_0204.jpg,crushed_panel,moderate,rear
no_damage_minor_none_0205.jpg,no_damage,minor,none
broken_lamp_severe_rear_0206.jpg,broken_lamp,severe,rear
crushed_panel_minor_multiple_0207.jpg,crushed_panel,minor,multiple
broken_glass_minor_front_0208.jpg,broken_glass,minor,front
no_damage_minor_none_0209.jpg,no_damage,minor,none
broken_glass_moderate_side_0210.jpg,broken_glass,moderate,side
scratch_minor_rear_0211.jpg,scratch,minor,rear
crushed_panel_minor_side_0212.jpg,crushed_panel,minor,side
broken_lamp_moderate_roof_0213.jpg,broken_lamp,moderate,roof
scratch_moderate_roof_0214.jpg,scratch,moderate,roof
broken_glass_moderate_front_0215.jpg,broken_glass,moderate,front
dent_moderate_side_0216.jpg,dent,moderate,side
broken_lamp_moderate_roof_0217.jpg,broken_lamp,moderate,roof
no_damage_minor_none_0218.jpg,no_damage,minor,none
scratch_severe_roof_0219.jpg,scratch,severe,roof
broken_glass_moderate_multiple_0220.jpg,broken_glass,moderate,multiple
no_damage_minor_none_0221.jpg,no_damage,minor,none
dent_moderate_side_0222.jpg,dent,moderate,side
no_damage_minor_none_0223.jpg,no_damage,minor,none
scratch_severe_side_0224.jpg,scratch,severe,side
dent_moderate_multiple_0225.jpg,dent,moderate,multiple
dent_moderate_side_0226.jpg,dent,moderate,side
broken_lamp_moderate_roof_0227.jpg,broken_lamp,moderate,roof
broken_lamp_minor_roof_0228.jpg,broken_lamp,minor,roof
broken_lamp_severe_multiple_0229.jpg,broken_lamp,severe,multiple
broken_lamp_moderate_front_0230.jpg,broken_lamp,moderate,front
broken_glass_moderate_rear_0231.jpg,broken_glass,moderate,rear
scratch_minor_front_0232.jpg,scratch,minor,front
crushed_panel_severe_multiple_0233.jpg,crushed_panel,severe,multiple
dent_moderate_roof_0234.jpg,dent,moderate,roof
dent_minor_front_0235.jpg,dent,minor,front
no_damage_minor_none_0236.jpg,no_damage,minor,none
broken_glass_moderate_multiple_0237.jpg,broken_glass,moderate,multiple
scratch_moderate_front_0238.jpg,scratch,moderate,front
dent_minor_rear_0239.jpg,dent,minor,rear
scratch_minor_side_0240.jpg,scratch,minor,side
broken_lamp_severe_rear_0241.jpg,broken_lamp,severe,rear
crushed_panel_moderate_side_0242.jpg,crushed_panel,moderate,side
broken_lamp_minor_roof_0243.jpg,broken_lamp,minor,roof
scratch_moderate_rear_0244.jpg,scratch,moderate,rear
scratch_moderate_side_0245.jpg,scratch,moderate,side
no_damage_minor_none_0246.jpg,no_damage,minor,none
no_damage_minor_none_0247.jpg,no_damage,minor,none
no_damage_minor_none_0248.jpg,no_damage,minor,none
no_damage_minor_none_0249.jpg,no_damage,minor,none
crushed_panel_moderate_front_0250.jpg,crushed_panel,moderate,front
broken_lamp_severe_roof_0251.jpg,broken_lamp,severe,roof
crushed_panel_minor_multiple_0252.jpg,crushed_panel,minor,multiple
crushed_panel_severe_side_0253.jpg,crushed_panel,severe,side
scratch_minor_multiple_0254.jpg,scratch,minor,multiple
broken_glass_severe_side_0255.jpg,broken_glass,severe,side
no_damage_minor_none_0256.jpg,no_damage,minor,none
no_damage_minor_none_0257.jpg,no_damage,minor,none
broken_lamp_severe_rear_0258.jpg,broken_lamp,severe,rear
broken_glass_moderate_front_0259.jpg,broken_glass,moderate,front
crushed_panel_minor_side_0260.jpg,crushed_panel,minor,side
broken_lamp_minor_roof_0261.jpg,broken_lamp,minor,roof
scratch_severe_multiple_0262.jpg,scratch,severe,multiple
no_damage_minor_none_0263.jpg,no_damage,minor,none
broken_glass_severe_rear_0264.jpg,broken_glass,severe,rear
broken_glass_minor_rear_0265.jpg,broken_glass,minor,rear
broken_glass_severe_roof_0266.jpg,broken_glass,severe,roof
dent_minor_multiple_0267.jpg,dent,minor,multiple
no_damage_minor_none_0268.jpg,no_damage,minor,none
scratch_minor_front_0269.jpg,scratch,minor,front
broken_glass_moderate_roof_0270.jpg,broken_glass,moderate,roof
broken_lamp_severe_side_0271.jpg,broken_lamp,severe,side
no_damage_minor_none_0272.jpg,no_damage,minor,none
broken_glass_severe_front_0273.jpg,broken_glass,severe,front
broken_lamp_severe_front_0274.jpg,broken_lamp,severe,front
broken_lamp_severe_side_0275.jpg,broken_lamp,severe,side
no_damage_minor_none_0276.jpg,no_damage,minor,none
no_damage_minor_none_0277.jpg,no_damage,minor,none
scratch_severe_side_0278.jpg,scratch,severe,side
broken_lamp_moderate_side_0279.jpg,broken_lamp,moderate,side
broken_glass_moderate_rear_0280.jpg,broken_glass,moderate,rear
no_damage_minor_none_0281.jpg,no_damage,minor,none
dent_severe_multiple_0282.jpg,dent,severe,multiple
scratch_severe_rear_0283.jpg,scratch,severe,rear
no_damage_minor_none_0284.jpg,no_damage,minor,none
no_damage_minor_none_0285.jpg,no_damage,minor,none
dent_minor_side_0286.jpg,dent,minor,side
crushed_panel_moderate_roof_0287.jpg,crushed_panel,moderate,roof
scratch_severe_rear_0288.jpg,scratch,severe,rear
scratch_moderate_front_0289.jpg,scratch,moderate,front
crushed_panel_moderate_multiple_0290.jpg,crushed_panel,moderate,multiple
no_damage_minor_none_0291.jpg,no_damage,minor,none
scratch_severe_side_0292.jpg,scratch,severe,side
broken_lamp_severe_side_0293.jpg,broken_lamp,severe,side
dent_severe_front_0294.jpg,dent,severe,front
no_damage_minor_none_0295.jpg,no_damage,minor,none
crushed_panel_minor_front_0296.jpg,crushed_panel,minor,front
scratch_minor_rear_0297.jpg,scratch,minor,rear
dent_minor_front_0298.jpg,dent,minor,front
dent_moderate_rear_0299.jpg,dent,moderate,rear
no_damage_minor_none_0300.jpg,no_damage,minor,none
broken_glass_severe_side_0301.jpg,broken_glass,severe,side
dent_moderate_multiple_0302.jpg,dent,moderate,multiple
scratch_severe_multiple_0303.jpg,scratch,severe,multiple
no_damage_minor_none_0304.jpg,no_damage,minor,none
no_damage_minor_none_0305.jpg,no_damage,minor,none
crushed_panel_minor_rear_0306.jpg,crushed_panel,minor,rear
broken_glass_moderate_rear_0307.jpg,broken_glass,moderate,rear
scratch_minor_front_0308.jpg,scratch,minor,front
scratch_minor_roof_0309.jpg,scratch,minor,roof
dent_minor_front_0310.jpg,dent,minor,front
broken_glass_severe_roof_0311.jpg,broken_glass,severe,roof
no_damage_minor_none_0312.jpg,no_damage,minor,none
dent_moderate_rear_0313.jpg,dent,moderate,rear
scratch_severe_roof_0314.jpg,scratch,severe,roof
broken_lamp_moderate_roof_0315.jpg,broken_lamp,moderate,roof
scratch_severe_front_0316.jpg,scratch,severe,front
scratch_moderate_roof_0317.jpg,scratch,moderate,roof
scratch_severe_multiple_0318.jpg,scratch,severe,multiple
broken_glass_severe_side_0319.jpg,broken_glass,severe,side
no_damage_minor_none_0320.jpg,no_damage,minor,none
crushed_panel_moderate_side_0321.jpg,crushed_panel,moderate,side
broken_lamp_moderate_rear_0322.jpg,broken_lamp,moderate,rear
crushed_panel_severe_multiple_0323.jpg,crushed_panel,severe,multiple
broken_glass_minor_front_0324.jpg,broken_glass,minor,front
crushed_panel_minor_rear_0325.jpg,crushed_panel,minor,rear
dent_minor_rear_0326.jpg,dent,minor,rear
broken_glass_moderate_front_0327.jpg,broken_glass,moderate,front
crushed_panel_severe_rear_0328.jpg,crushed_panel,severe,rear
no_damage_minor_none_0329.jpg,no_damage,minor,none
dent_minor_multiple_0330.jpg,dent,minor,multiple
dent_severe_multiple_0331.jpg,dent,severe,multiple
no_damage_minor_none_0332.jpg,no_damage,minor,none
broken_lamp_severe_front_0333.jpg,broken_lamp,severe,front
no_damage_minor_none_0334.jpg,no_damage,minor,none
broken_lamp_severe_front_0335.jpg,broken_lamp,severe,front
crushed_panel_severe_multiple_0336.jpg,crushed_panel,severe,multiple
broken_glass_severe_multiple_0337.jpg,broken_glass,severe,multiple
broken_lamp_minor_multiple_0338.jpg,broken_lamp,minor,multiple
broken_glass_moderate_side_0339.jpg,broken_glass,moderate,side
broken_glass_severe_roof_0340.jpg,broken_glass,severe,roof
dent_moderate_rear_0341.jpg,dent,moderate,rear
broken_glass_moderate_side_0342.jpg,broken_glass,moderate,side
no_damage_minor_none_0343.jpg,no_damage,minor,none
dent_severe_front_0344.jpg,dent,severe,front
no_damage_minor_none_0345.jpg,no_damage,minor,none
broken_glass_minor_rear_0346.jpg,broken_glass,minor,rear
broken_lamp_moderate_roof_0347.jpg,broken_lamp,moderate,roof
crushed_panel_minor_side_0348.jpg,crushed_panel,minor,side
crushed_panel_severe_side_0349.jpg,crushed_panel,severe,side
broken_glass_moderate_front_0350.jpg,broken_glass,moderate,front
broken_glass_severe_multiple_0351.jpg,broken_glass,severe,multiple
crushed_panel_moderate_front_0352.jpg,crushed_panel,moderate,front
dent_moderate_roof_0353.jpg,dent,moderate,roof
broken_glass_minor_roof_0354.jpg,broken_glass,minor,roof
scratch_moderate_roof_0355.jpg,scratch,moderate,roof
dent_minor_multiple_0356.jpg,dent,minor,multiple
crushed_panel_severe_roof_0357.jpg,crushed_panel,severe,roof
dent_minor_rear_0358.jpg,dent,minor,rear
broken_lamp_moderate_multiple_0359.jpg,broken_lamp,moderate,multiple
broken_glass_moderate_rear_0360.jpg,broken_glass,moderate,rear
broken_glass_minor_rear_0361.jpg,broken_glass,minor,rear
broken_glass_severe_roof_0362.jpg,broken_glass,severe,roof
broken_glass_severe_multiple_0363.jpg,broken_glass,severe,multiple
crushed_panel_severe_roof_0364.jpg,crushed_panel,severe,roof
scratch_minor_rear_0365.jpg,scratch,minor,rear
broken_glass_minor_roof_0366.jpg,broken_glass,minor,roof
broken_glass_minor_side_0367.jpg,broken_glass,minor,side
crushed_panel_severe_roof_0368.jpg,crushed_panel,severe,roof
no_damage_minor_none_0369.jpg,no_damage,minor,none
dent_severe_roof_0370.jpg,dent,severe,roof
scratch_severe_side_0371.jpg,scratch,severe,side
broken_lamp_severe_front_0372.jpg,broken_lamp,severe,front
scratch_minor_rear_0373.jpg,scratch,minor,rear
crushed_panel_severe_rear_0374.jpg,crushed_panel,severe,rear
scratch_minor_roof_0375.jpg,scratch,minor,roof
no_damage_minor_none_0376.jpg,no_damage,minor,none
no_damage_minor_none_0377.jpg,no_damage,minor,none
crushed_panel_severe_multiple_0378.jpg,crushed_panel,severe,multiple
crushed_panel_severe_multiple_0379.jpg,crushed_panel,severe,multiple
no_damage_minor_none_0380.jpg,no_damage,minor,none
crushed_panel_minor_multiple_0381.jpg,crushed_panel,minor,multiple
scratch_moderate_front_0382.jpg,scratch,moderate,front
dent_severe_multiple_0383.jpg,dent,severe,multiple
dent_severe_multiple_0384.jpg,dent,severe,multiple
no_damage_minor_none_0385.jpg,no_damage,minor,none
scratch_moderate_front_0386.jpg,scratch,moderate,front
no_damage_minor_none_0387.jpg,no_damage,minor,none
broken_lamp_moderate_front_0388.jpg,broken_lamp,moderate,front
dent_moderate_rear_0389.jpg,dent,moderate,rear
broken_glass_severe_side_0390.jpg,broken_glass,severe,side
no_damage_minor_none_0391.jpg,no_damage,minor,none
scratch_minor_side_0392.jpg,scratch,minor,side
dent_minor_roof_0393.jpg,dent,minor,roof
scratch_severe_multiple_0394.jpg,scratch,severe,multiple
no_damage_minor_none_0395.jpg,no_damage,minor,none
broken_glass_minor_multiple_0396.jpg,broken_glass,minor,multiple
crushed_panel_minor_front_0397.jpg,crushed_panel,minor,front
crushed_panel_minor_roof_0398.jpg,crushed_panel,minor,roof
broken_lamp_minor_front_0399.jpg,broken_lamp,minor,front
broken_lamp_severe_side_0400.jpg,broken_lamp,severe,side
crushed_panel_severe_multiple_0401.jpg,crushed_panel,severe,multiple
broken_lamp_minor_front_0402.jpg,broken_lamp,minor,front
crushed_panel_severe_roof_0403.jpg,crushed_panel,severe,roof
no_damage_minor_none_0404.jpg,no_damage,minor,none
broken_lamp_moderate_side_0405.jpg,broken_lamp,moderate,side
crushed_panel_minor_front_0406.jpg,crushed_panel,minor,front
broken_lamp_severe_side_0407.jpg,broken_lamp,severe,side
no_damage_minor_none_0408.jpg,no_damage,minor,none
no_damage_minor_none_0409.jpg,no_damage,minor,none
no_damage_minor_none_0410.jpg,no_damage,minor,none
broken_glass_moderate_front_0411.jpg,broken_glass,moderate,front
broken_lamp_moderate_rear_0412.jpg,broken_lamp,moderate,rear
dent_moderate_side_0413.jpg,dent,moderate,side
broken_glass_moderate_rear_0414.jpg,broken_glass,moderate,rear
crushed_panel_moderate_roof_0415.jpg,crushed_panel,moderate,roof
no_damage_minor_none_0416.jpg,no_damage,minor,none
broken_lamp_minor_rear_0417.jpg,broken_lamp,minor,rear
no_damage_minor_none_0418.jpg,no_damage,minor,none
scratch_moderate_roof_0419.jpg,scratch,moderate,roof
crushed_panel_moderate_rear_0420.jpg,crushed_panel,moderate,rear
scratch_severe_front_0421.jpg,scratch,severe,front
broken_lamp_severe_multiple_0422.jpg,broken_lamp,severe,multiple
scratch_severe_multiple_0423.jpg,scratch,severe,multiple
broken_lamp_severe_roof_0424.jpg,broken_lamp,severe,roof
broken_glass_minor_rear_0425.jpg,broken_glass,minor,rear
dent_moderate_roof_0426.jpg,dent,moderate,roof
scratch_moderate_roof_0427.jpg,scratch,moderate,roof
dent_moderate_multiple_0428.jpg,dent,moderate,multiple
crushed_panel_severe_front_0429.jpg,crushed_panel,severe,front
scratch_moderate_multiple_0430.jpg,scratch,moderate,multiple
broken_glass_minor_front_0431.jpg,broken_glass,minor,front
broken_glass_moderate_rear_0432.jpg,broken_glass,moderate,rear
no_damage_minor_none_0433.jpg,no_damage,minor,none
scratch_minor_front_0434.jpg,scratch,minor,front
broken_glass_severe_front_0435.jpg,broken_glass,severe,front
scratch_moderate_roof_0436.jpg,scratch,moderate,roof
scratch_severe_rear_0437.jpg,scratch,severe,rear
broken_lamp_moderate_front_0438.jpg,broken_lamp,moderate,front
broken_glass_moderate_multiple_0439.jpg,broken_glass,moderate,multiple
crushed_panel_minor_side_0440.jpg,crushed_panel,minor,side
no_damage_minor_none_0441.jpg,no_damage,minor,none
no_damage_minor_none_0442.jpg,no_damage,minor,none
dent_severe_side_0443.jpg,dent,severe,side
no_damage_minor_none_0444.jpg,no_damage,minor,none
crushed_panel_moderate_multiple_0445.jpg,crushed_panel,moderate,multiple
scratch_minor_side_0446.jpg,scratch,minor,side
dent_moderate_roof_0447.jpg,dent,moderate,roof
dent_minor_multiple_0448.jpg,dent,minor,multiple
dent_minor_multiple_0449.jpg,dent,minor,multiple
broken_lamp_severe_side_0450.jpg,broken_lamp,severe,side
broken_glass_severe_rear_0451.jpg,broken_glass,severe,rear
crushed_panel_minor_rear_0452.jpg,crushed_panel,minor,rear
crushed_panel_moderate_rear_0453.jpg,crushed_panel,moderate,rear
broken_glass_severe_roof_0454.jpg,broken_glass,severe,roof
scratch_moderate_roof_0455.jpg,scratch,moderate,roof
scratch_moderate_roof_0456.jpg,scratch,moderate,roof
crushed_panel_moderate_rear_0457.jpg,crushed_panel,moderate,rear
broken_glass_moderate_side_0458.jpg,broken_glass,moderate,side
no_damage_minor_none_0459.jpg,no_damage,minor,none
broken_glass_severe_multiple_0460.jpg,broken_glass,severe,multiple
broken_glass_minor_side_0461.jpg,broken_glass,minor,side
scratch_moderate_rear_0462.jpg,scratch,moderate,rear
dent_severe_roof_0463.jpg,dent,severe,roof
broken_lamp_severe_roof_0464.jpg,broken_lamp,severe,roof
broken_lamp_moderate_roof_0465.jpg,broken_lamp,moderate,roof
broken_glass_moderate_front_0466.jpg,broken_glass,moderate,front
broken_lamp_severe_side_0467.jpg,broken_lamp,severe,side
dent_severe_rear_0468.jpg,dent,severe,rear
broken_lamp_moderate_front_0469.jpg,broken_lamp,moderate,front
scratch_moderate_front_0470.jpg,scratch,moderate,front
broken_glass_severe_side_0471.jpg,broken_glass,severe,side
crushed_panel_minor_rear_0472.jpg,crushed_panel,minor,rear
no_damage_minor_none_0473.jpg,no_damage,minor,none
dent_moderate_side_0474.jpg,dent,moderate,side
crushed_panel_severe_side_0475.jpg,crushed_panel,severe,side
dent_severe_front_0476.jpg,dent,severe,front
crushed_panel_moderate_multiple_0477.jpg,crushed_panel,moderate,multiple
crushed_panel_moderate_rear_0478.jpg,crushed_panel,moderate,rear
no_damage_minor_none_0479.jpg,no_damage,minor,none
crushed_panel_minor_rear_0480.jpg,crushed_panel,minor,rear
broken_lamp_severe_side_0481.jpg,broken_lamp,severe,side
broken_glass_moderate_multiple_0482.jpg,broken_glass,moderate,multiple
no_damage_minor_none_0483.jpg,no_damage,minor,none
dent_minor_side_0484.jpg,dent,minor,side
broken_lamp_minor_side_0485.jpg,broken_lamp,minor,side
broken_lamp_moderate_side_0486.jpg,broken_lamp,moderate,side
crushed_panel_moderate_multiple_0487.jpg,crushed_panel,moderate,multiple
scratch_moderate_side_0488.jpg,scratch,moderate,side
no_damage_minor_none_0489.jpg,no_damage,minor,none
crushed_panel_severe_rear_0490.jpg,crushed_panel,severe,rear
broken_glass_minor_front_0491.jpg,broken_glass,minor,front
crushed_panel_moderate_front_0492.jpg,crushed_panel,moderate,front
broken_lamp_moderate_rear_0493.jpg,broken_lamp,moderate,rear
scratch_minor_rear_0494.jpg,scratch,minor,rear
scratch_minor_side_0495.jpg,scratch,minor,side
scratch_severe_side_0496.jpg,scratch,severe,side
scratch_minor_front_0497.jpg,scratch,minor,front
crushed_panel_severe_rear_0498.jpg,crushed_panel,severe,rear
dent_minor_front_0499.jpg,dent,minor,front
dent_minor_front_0500.jpg,dent,minor,front
broken_glass_severe_rear_0501.jpg,broken_glass,severe,rear
dent_minor_multiple_0502.jpg,dent,minor,multiple
broken_lamp_minor_multiple_0503.jpg,broken_lamp,minor,multiple
no_damage_minor_none_0504.jpg,no_damage,minor,none
dent_minor_rear_0505.jpg,dent,minor,rear
crushed_panel_minor_multiple_0506.jpg,crushed_panel,minor,multiple
broken_glass_minor_side_0507.jpg,broken_glass,minor,side
no_damage_minor_none_0508.jpg,no_damage,minor,none
no_damage_minor_none_0509.jpg,no_damage,minor,none
no_damage_minor_none_0510.jpg,no_damage,minor,none
no_damage_minor_none_0511.jpg,no_damage,minor,none
broken_glass_severe_rear_0512.jpg,broken_glass,severe,rear
broken_lamp_moderate_front_0513.jpg,broken_lamp,moderate,front
crushed_panel_moderate_roof_0514.jpg,crushed_panel,moderate,roof
scratch_minor_front_0515.jpg,scratch,minor,front
broken_lamp_moderate_front_0516.jpg,broken_lamp,moderate,front
scratch_moderate_side_0517.jpg,scratch,moderate,side
dent_moderate_multiple_0518.jpg,dent,moderate,multiple
broken_lamp_moderate_front_0519.jpg,broken_lamp,moderate,front
no_damage_minor_none_0520.jpg,no_damage,minor,none
no_damage_minor_none_0521.jpg,no_damage,minor,none
broken_lamp_severe_front_0522.jpg,broken_lamp,severe,front
scratch_severe_side_0523.jpg,scratch,severe,side
crushed_panel_severe_side_0524.jpg,crushed_panel,severe,side
dent_minor_multiple_0525.jpg,dent,minor,multiple
scratch_severe_front_0526.jpg,scratch,severe,front
crushed_panel_severe_side_0527.jpg,crushed_panel,severe,side
broken_lamp_moderate_rear_0528.jpg,broken_lamp,moderate,rear
broken_glass_moderate_multiple_0529.jpg,broken_glass,moderate,multiple
scratch_severe_side_0530.jpg,scratch,severe,side
dent_moderate_roof_0531.jpg,dent,moderate,roof
broken_glass_severe_front_0532.jpg,broken_glass,severe,front
dent_minor_multiple_0533.jpg,dent,minor,multiple
crushed_panel_minor_multiple_0534.jpg,crushed_panel,minor,multiple
dent_moderate_roof_0535.jpg,dent,moderate,roof
broken_lamp_severe_front_0536.jpg,broken_lamp,severe,front
scratch_moderate_multiple_0537.jpg,scratch,moderate,multiple
no_damage_minor_none_0538.jpg,no_damage,minor,none
broken_glass_moderate_front_0539.jpg,broken_glass,moderate,front
scratch_moderate_front_0540.jpg,scratch,moderate,front
crushed_panel_moderate_side_0541.jpg,crushed_panel,moderate,side
dent_moderate_side_0542.jpg,dent,moderate,side
scratch_severe_rear_0543.jpg,scratch,severe,rear
no_damage_minor_none_0544.jpg,no_damage,minor,none
scratch_moderate_side_0545.jpg,scratch,moderate,side
dent_minor_roof_0546.jpg,dent,minor,roof
broken_lamp_severe_roof_0547.jpg,broken_lamp,severe,roof
broken_lamp_minor_roof_0548.jpg,broken_lamp,minor,roof
dent_severe_front_0549.jpg,dent,severe,front
crushed_panel_moderate_rear_0550.jpg,crushed_panel,moderate,rear
crushed_panel_moderate_front_0551.jpg,crushed_panel,moderate,front
no_damage_minor_none_0552.jpg,no_damage,minor,none
scratch_minor_front_0553.jpg,scratch,minor,front
crushed_panel_moderate_multiple_0554.jpg,crushed_panel,moderate,multiple
crushed_panel_minor_rear_0555.jpg,crushed_panel,minor,rear
broken_lamp_severe_multiple_0556.jpg,broken_lamp,severe,multiple
no_damage_minor_none_0557.jpg,no_damage,minor,none
no_damage_minor_none_0558.jpg,no_damage,minor,none
scratch_moderate_roof_0559.jpg,scratch,moderate,roof
broken_lamp_severe_rear_0560.jpg,broken_lamp,severe,rear
crushed_panel_moderate_side_0561.jpg,crushed_panel,moderate,side
scratch_severe_roof_0562.jpg,scratch,severe,roof
no_damage_minor_none_0563.jpg,no_damage,minor,none
no_damage_minor_none_0564.jpg,no_damage,minor,none
dent_minor_rear_0565.jpg,dent,minor,rear
dent_minor_multiple_0566.jpg,dent,minor,multiple
broken_lamp_minor_multiple_0567.jpg,broken_lamp,minor,multiple
crushed_panel_minor_side_0568.jpg,crushed_panel,minor,side
broken_lamp_moderate_rear_0569.jpg,broken_lamp,moderate,rear
scratch_severe_multiple_0570.jpg,scratch,severe,multiple
crushed_panel_severe_multiple_0571.jpg,crushed_panel,severe,multiple
broken_glass_severe_multiple_0572.jpg,broken_glass,severe,multiple
crushed_panel_severe_multiple_0573.jpg,crushed_panel,severe,multiple
broken_glass_severe_rear_0574.jpg,broken_glass,severe,rear
dent_severe_front_0575.jpg,dent,severe,front
no_damage_minor_none_0576.jpg,no_damage,minor,none
dent_severe_side_0577.jpg,dent,severe,side
scratch_moderate_multiple_0578.jpg,scratch,moderate,multiple
scratch_severe_side_0579.jpg,scratch,severe,side
dent_minor_roof_0580.jpg,dent,minor,roof
broken_lamp_severe_multiple_0581.jpg,broken_lamp,severe,multiple
scratch_minor_multiple_0582.jpg,scratch,minor,multiple
broken_lamp_severe_multiple_0583.jpg,broken_lamp,severe,multiple
scratch_minor_side_0584.jpg,scratch,minor,side
broken_lamp_minor_front_0585.jpg,broken_lamp,minor,front
no_damage_minor_none_0586.jpg,no_damage,minor,none
crushed_panel_minor_front_0587.jpg,crushed_panel,minor,front
dent_moderate_roof_0588.jpg,dent,moderate,roof
broken_lamp_severe_front_0589.jpg,broken_lamp,severe,front
scratch_minor_roof_0590.jpg,scratch,minor,roof
dent_moderate_multiple_0591.jpg,dent,moderate,multiple
broken_lamp_moderate_multiple_0592.jpg,broken_lamp,moderate,multiple
no_damage_minor_none_0593.jpg,no_damage,minor,none
broken_lamp_moderate_rear_0594.jpg,broken_lamp,moderate,rear
no_damage_minor_none_0595.jpg,no_damage,minor,none
dent_moderate_roof_0596.jpg,dent,moderate,roof
broken_lamp_minor_front_0597.jpg,broken_lamp,minor,front
broken_lamp_severe_rear_0598.jpg,broken_lamp,severe,rear
no_damage_minor_none_0599.jpg,no_damage,minor,none
no_damage_minor_none_0600.jpg,no_damage,minor,none
crushed_panel_severe_multiple_0601.jpg,crushed_panel,severe,multiple
broken_glass_minor_multiple_0602.jpg,broken_glass,minor,multiple
broken_glass_minor_rear_0603.jpg,broken_glass,minor,rear
broken_lamp_severe_front_0604.jpg,broken_lamp,severe,front
broken_lamp_minor_front_0605.jpg,broken_lamp,minor,front
broken_lamp_moderate_side_0606.jpg,broken_lamp,moderate,side
no_damage_minor_none_0607.jpg,no_damage,minor,none
broken_glass_moderate_rear_0608.jpg,broken_glass,moderate,rear
crushed_panel_severe_rear_0609.jpg,crushed_panel,severe,rear
no_damage_minor_none_0610.jpg,no_damage,minor,none
no_damage_minor_none_0611.jpg,no_damage,minor,none
broken_lamp_moderate_side_0612.jpg,broken_lamp,moderate,side
crushed_panel_moderate_side_0613.jpg,crushed_panel,moderate,side
broken_lamp_severe_rear_0614.jpg,broken_lamp,severe,rear
broken_lamp_severe_roof_0615.jpg,broken_lamp,severe,roof
dent_severe_front_0616.jpg,dent,severe,front
dent_severe_rear_0617.jpg,dent,severe,rear
crushed_panel_moderate_rear_0618.jpg,crushed_panel,moderate,rear
dent_minor_front_0619.jpg,dent,minor,front
broken_lamp_moderate_side_0620.jpg,broken_lamp,moderate,side
no_damage_minor_none_0621.jpg,no_damage,minor,none
broken_glass_severe_multiple_0622.jpg,broken_glass,severe,multiple
crushed_panel_moderate_roof_0623.jpg,crushed_panel,moderate,roof
crushed_panel_severe_rear_0624.jpg,crushed_panel,severe,rear
broken_glass_severe_side_0625.jpg,broken_glass,severe,side
no_damage_minor_none_0626.jpg,no_damage,minor,none
crushed_panel_moderate_roof_0627.jpg,crushed_panel,moderate,roof
broken_lamp_moderate_roof_0628.jpg,broken_lamp,moderate,roof
scratch_moderate_multiple_0629.jpg,scratch,moderate,multiple
dent_minor_roof_0630.jpg,dent,minor,roof
crushed_panel_minor_roof_0631.jpg,crushed_panel,minor,roof
no_damage_minor_none_0632.jpg,no_damage,minor,none
dent_moderate_roof_0633.jpg,dent,moderate,roof
scratch_minor_side_0634.jpg,scratch,minor,side
dent_moderate_front_0635.jpg,dent,moderate,front
no_damage_minor_none_0636.jpg,no_damage,minor,none
crushed_panel_severe_front_0637.jpg,crushed_panel,severe,front
crushed_panel_severe_front_0638.jpg,crushed_panel,severe,front
dent_minor_multiple_0639.jpg,dent,minor,multiple
broken_glass_minor_side_0640.jpg,broken_glass,minor,side
scratch_moderate_multiple_0641.jpg,scratch,moderate,multiple
dent_moderate_front_0642.jpg,dent,moderate,front
crushed_panel_moderate_rear_0643.jpg,crushed_panel,moderate,rear
no_damage_minor_none_0644.jpg,no_damage,minor,none
dent_moderate_multiple_0645.jpg,dent,moderate,multiple
scratch_severe_front_0646.jpg,scratch,severe,front
broken_lamp_moderate_roof_0647.jpg,broken_lamp,moderate,roof
broken_lamp_minor_roof_0648.jpg,broken_lamp,minor,roof
broken_lamp_severe_roof_0649.jpg,broken_lamp,severe,roof
scratch_moderate_multiple_0650.jpg,scratch,moderate,multiple
no_damage_minor_none_0651.jpg,no_damage,minor,none
scratch_severe_front_0652.jpg,scratch,severe,front
crushed_panel_severe_front_0653.jpg,crushed_panel,severe,front
dent_moderate_front_0654.jpg,dent,moderate,front
broken_lamp_minor_rear_0655.jpg,broken_lamp,minor,rear
dent_severe_front_0656.jpg,dent,severe,front
crushed_panel_moderate_rear_0657.jpg,crushed_panel,moderate,rear
broken_glass_moderate_rear_0658.jpg,broken_glass,moderate,rear
crushed_panel_minor_side_0659.jpg,crushed_panel,minor,side
scratch_minor_side_0660.jpg,scratch,minor,side
crushed_panel_minor_side_0661.jpg,crushed_panel,minor,side
dent_severe_front_0662.jpg,dent,severe,front
scratch_minor_multiple_0663.jpg,scratch,minor,multiple
broken_lamp_severe_roof_0664.jpg,broken_lamp,severe,roof
broken_lamp_minor_multiple_0665.jpg,broken_lamp,minor,multiple
dent_moderate_multiple_0666.jpg,dent,moderate,multiple
broken_glass_minor_side_0667.jpg,broken_glass,minor,side
scratch_minor_front_0668.jpg,scratch,minor,front
dent_minor_rear_0669.jpg,dent,minor,rear
broken_glass_severe_multiple_0670.jpg,broken_glass,severe,multiple
scratch_minor_multiple_0671.jpg,scratch,minor,multiple
crushed_panel_minor_rear_0672.jpg,crushed_panel,minor,rear
broken_glass_severe_rear_0673.jpg,broken_glass,severe,rear
no_damage_minor_none_0674.jpg,no_damage,minor,none
dent_moderate_rear_0675.jpg,dent,moderate,rear
crushed_panel_severe_rear_0676.jpg,crushed_panel,severe,rear
dent_minor_front_0677.jpg,dent,minor,front
no_damage_minor_none_0678.jpg,no_damage,minor,none
dent_minor_roof_0679.jpg,dent,minor,roof
broken_glass_minor_roof_0680.jpg,broken_glass,minor,roof
scratch_severe_multiple_0681.jpg,scratch,severe,multiple
scratch_severe_rear_0682.jpg,scratch,severe,rear
dent_severe_front_0683.jpg,dent,severe,front
broken_glass_moderate_rear_0684.jpg,broken_glass,moderate,rear
broken_lamp_moderate_side_0685.jpg,broken_lamp,moderate,side
broken_lamp_minor_front_0686.jpg,broken_lamp,minor,front
broken_lamp_severe_rear_0687.jpg,broken_lamp,severe,rear
broken_lamp_severe_roof_0688.jpg,broken_lamp,severe,roof
broken_lamp_severe_front_0689.jpg,broken_lamp,severe,front
no_damage_minor_none_0690.jpg,no_damage,minor,none
scratch_severe_side_0691.jpg,scratch,severe,side
broken_lamp_moderate_rear_0692.jpg,broken_lamp,moderate,rear
crushed_panel_minor_multiple_0693.jpg,crushed_panel,minor,multiple
dent_severe_multiple_0694.jpg,dent,severe,multiple
scratch_severe_rear_0695.jpg,scratch,severe,rear
broken_lamp_minor_roof_0696.jpg,broken_lamp,minor,roof
scratch_severe_rear_0697.jpg,scratch,severe,rear
broken_glass_severe_roof_0698.jpg,broken_glass,severe,roof
dent_minor_front_0699.jpg,dent,minor,front
no_damage_minor_none_0700.jpg,no_damage,minor,none
dent_severe_front_0701.jpg,dent,severe,front
no_damage_minor_none_0702.jpg,no_damage,minor,none
broken_lamp_moderate_front_0703.jpg,broken_lamp,moderate,front
broken_lamp_minor_roof_0704.jpg,broken_lamp,minor,roof
no_damage_minor_none_0705.jpg,no_damage,minor,none
dent_minor_rear_0706.jpg,dent,minor,rear
broken_glass_severe_multiple_0707.jpg,broken_glass,severe,multiple
crushed_panel_minor_roof_0708.jpg,crushed_panel,minor,roof
no_damage_minor_none_0709.jpg,no_damage,minor,none
scratch_severe_side_0710.jpg,scratch,severe,side
broken_glass_moderate_front_0711.jpg,broken_glass,moderate,front
broken_glass_minor_front_0712.jpg,broken_glass,minor,front
scratch_severe_multiple_0713.jpg,scratch,severe,multiple
scratch_minor_roof_0714.jpg,scratch,minor,roof
broken_glass_moderate_side_0715.jpg,broken_glass,moderate,side
scratch_severe_roof_0716.jpg,scratch,severe,roof
scratch_severe_multiple_0717.jpg,scratch,severe,multiple
broken_glass_severe_front_0718.jpg,broken_glass,severe,front
no_damage_minor_none_0719.jpg,no_damage,minor,none
scratch_minor_front_0720.jpg,scratch,minor,front
no_damage_minor_none_0721.jpg,no_damage,minor,none
scratch_minor_side_0722.jpg,scratch,minor,side
broken_glass_severe_multiple_0723.jpg,broken_glass,severe,multiple
broken_lamp_minor_rear_0724.jpg,broken_lamp,minor,rear
broken_glass_severe_front_0725.jpg,broken_glass,severe,front
dent_minor_multiple_0726.jpg,dent,minor,multiple
scratch_moderate_rear_0727.jpg,scratch,moderate,rear
broken_glass_severe_front_0728.jpg,broken_glass,severe,front
no_damage_minor_none_0729.jpg,no_damage,minor,none
no_damage_minor_none_0730.jpg,no_damage,minor,none
scratch_minor_front_0731.jpg,scratch,minor,front
broken_lamp_moderate_side_0732.jpg,broken_lamp,moderate,side
dent_severe_front_0733.jpg,dent,severe,front
scratch_minor_multiple_0734.jpg,scratch,minor,multiple
scratch_minor_front_0735.jpg,scratch,minor,front
dent_moderate_roof_0736.jpg,dent,moderate,roof
scratch_minor_side_0737.jpg,scratch,minor,side
scratch_minor_multiple_0738.jpg,scratch,minor,multiple
no_damage_minor_none_0739.jpg,no_damage,minor,none
no_damage_minor_none_0740.jpg,no_damage,minor,none
no_damage_minor_none_0741.jpg,no_damage,minor,none
no_damage_minor_none_0742.jpg,no_damage,minor,none
no_damage_minor_none_0743.jpg,no_damage,minor,none
dent_moderate_front_0744.jpg,dent,moderate,front
no_damage_minor_none_0745.jpg,no_damage,minor,none
scratch_minor_multiple_0746.jpg,scratch,minor,multiple
no_damage_minor_none_0747.jpg,no_damage,minor,none
crushed_panel_moderate_rear_0748.jpg,crushed_panel,moderate,rear
no_damage_minor_none_0749.jpg,no_damage,minor,none
scratch_moderate_side_0750.jpg,scratch,moderate,side
crushed_panel_minor_front_0751.jpg,crushed_panel,minor,front
broken_lamp_moderate_multiple_0752.jpg,broken_lamp,moderate,multiple
broken_lamp_severe_rear_0753.jpg,broken_lamp,severe,rear
broken_glass_minor_rear_0754.jpg,broken_glass,minor,rear
scratch_minor_front_0755.jpg,scratch,minor,front
crushed_panel_severe_side_0756.jpg,crushed_panel,severe,side
scratch_moderate_roof_0757.jpg,scratch,moderate,roof
crushed_panel_severe_front_0758.jpg,crushed_panel,severe,front
scratch_severe_roof_0759.jpg,scratch,severe,roof
crushed_panel_severe_multiple_0760.jpg,crushed_panel,severe,multiple
dent_severe_roof_0761.jpg,dent,severe,roof
broken_glass_moderate_multiple_0762.jpg,broken_glass,moderate,multiple
no_damage_minor_none_0763.jpg,no_damage,minor,none
no_damage_minor_none_0764.jpg,no_damage,minor,none
scratch_minor_roof_0765.jpg,scratch,minor,roof
scratch_minor_roof_0766.jpg,scratch,minor,roof
no_damage_minor_none_0767.jpg,no_damage,minor,none
broken_glass_moderate_multiple_0768.jpg,broken_glass,moderate,multiple
broken_glass_severe_roof_0769.jpg,broken_glass,severe,roof
dent_minor_roof_0770.jpg,dent,minor,roof
broken_glass_moderate_multiple_0771.jpg,broken_glass,moderate,multiple
no_damage_minor_none_0772.jpg,no_damage,minor,none
dent_severe_side_0773.jpg,dent,severe,side
broken_glass_minor_multiple_0774.jpg,broken_glass,minor,multiple
scratch_minor_side_0775.jpg,scratch,minor,side
crushed_panel_moderate_roof_0776.jpg,crushed_panel,moderate,roof
no_damage_minor_none_0777.jpg,no_damage,minor,none
broken_lamp_moderate_side_0778.jpg,broken_lamp,moderate,side
dent_moderate_roof_0779.jpg,dent,moderate,roof
scratch_severe_front_0780.jpg,scratch,severe,front
no_damage_minor_none_0781.jpg,no_damage,minor,none
broken_lamp_moderate_rear_0782.jpg,broken_lamp,moderate,rear
scratch_minor_rear_0783.jpg,scratch,minor,rear
broken_glass_minor_front_0784.jpg,broken_glass,minor,front
crushed_panel_severe_roof_0785.jpg,crushed_panel,severe,roof
scratch_severe_roof_0786.jpg,scratch,severe,roof
crushed_panel_severe_multiple_0787.jpg,crushed_panel,severe,multiple
broken_lamp_minor_multiple_0788.jpg,broken_lamp,minor,multiple
broken_lamp_minor_rear_0789.jpg,broken_lamp,minor,rear
broken_glass_minor_roof_0790.jpg,broken_glass,minor,roof
scratch_severe_roof_0791.jpg,scratch,severe,roof
no_damage_minor_none_0792.jpg,no_damage,minor,none
scratch_moderate_roof_0793.jpg,scratch,moderate,roof
no_damage_minor_none_0794.jpg,no_damage,minor,none
scratch_minor_rear_0795.jpg,scratch,minor,rear
broken_lamp_minor_rear_0796.jpg,broken_lamp,minor,rear
scratch_severe_side_0797.jpg,scratch,severe,side
broken_glass_minor_side_0798.jpg,broken_glass,minor,side
scratch_minor_multiple_0799.jpg,scratch,minor,multiple